"marker","rho","P"
"HMOX1",-0.111973960545923,0.00305314471168253
"GFAP",-0.172598262704317,4.16972911200454e-06
"FKBP5",-0.0108125618904147,0.775678013983219
